{
  "cwd": "/home/ayan-de/Projects/freecode",
  "sessions": 10,
  "results": [
    {
      "tool": "freecode",
      "sessions": 10,
      "pss_mb": 1037.2,
      "process_count": 20,
      "version": "0.2.0",
      "seconds_to_visible_med": 0.04055327799869701,
      "seconds_to_input_ready_med": 0.05320549899988691,
      "notes": [
        "session 1: \u2502 \u2502 >_ FreeCode (v0.2.0) \u25028;;\u0007",
        "session 2: \u2502 \u2502 >_ FreeCode (v0.2.0) \u25028;;\u0007",
        "session 3: \u2502 \u2502 >_ FreeCode (v0.2.0) \u25028;;\u0007",
        "session 4: \u2502 \u2502 >_ FreeCode (v0.2.0) \u25028;;\u0007",
        "session 5: \u2502 \u2502 >_ FreeCode (v0.2.0) \u25028;;\u0007",
        "session 6: \u2502 \u2502 >_ FreeCode (v0.2.0) \u25028;;\u0007",
        "session 7: \u2502 \u2502 >_ FreeCode (v0.2.0) \u25028;;\u0007",
        "session 8: \u2502 \u2502 >_ FreeCode (v0.2.0) \u25028;;\u0007",
        "session 9: \u2502 \u2502 >_ FreeCode (v0.2.0) \u25028;;\u0007",
        "session 10: \u2502 \u2502 >_ FreeCode (v0.2.0) \u25028;;\u0007"
      ]
    },
    {
      "tool": "pi",
      "sessions": 10,
      "pss_mb": 929.0,
      "process_count": 10,
      "version": "0.80.7",
      "seconds_to_visible_med": 3.7519669254979817,
      "seconds_to_input_ready_med": 3.7766284065000946,
      "notes": [
        "session 1: \u2819\u2839\u2838\u283c\u2834\u2826\u2827\u2807\u280f\u280b\u2819\u2839\u2838\u283c\u2834\u2826\u2827\u2807\u280f\u280b\u28190;\u03c0 - freecode\u00078;;\u0007",
        "session 2: \u2819\u2839\u2838\u283c\u2834\u2826\u2827\u2807\u28190;\u03c0 - freecode\u00078;;\u0007",
        "session 3: \u2819\u2839\u2838\u283c\u2834\u2826\u2827\u2807\u28190;\u03c0 - freecode\u00078;;\u0007",
        "session 4: \u2819\u2839\u2838\u283c\u2834\u2826\u2827\u2807\u280f\u280b\u28190;\u03c0 - freecode\u00078;;\u0007",
        "session 5: \u2819\u2839\u2838\u283c\u2834\u2826\u2827\u2807\u28190;\u03c0 - freecode\u00078;;\u0007",
        "session 6: \u2819\u2839\u2838\u283c\u2834\u2826\u2827\u2807\u280f\u280b\u2819\u2839\u2838\u28190;\u03c0 - freecode\u00078;;\u0007",
        "session 7: \u2819\u2839\u2838\u283c\u2834\u2826\u2827\u2807\u28190;\u03c0 - freecode\u00078;;\u0007",
        "session 8: \u2819\u2839\u2838\u283c\u2834\u2826\u2827\u2807\u280f\u280b\u2819\u2839\u2838\u28190;\u03c0 - freecode\u00078;;\u0007",
        "session 9: \u2819\u2839\u2838\u283c\u2834\u2826\u2827\u2807\u28190;\u03c0 - freecode\u00078;;\u0007",
        "session 10: \u2819\u2839\u2838\u283c\u2834\u2826\u2827\u2807\u28190;\u03c0 - freecode\u00078;;\u0007"
      ]
    },
    {
      "tool": "codex",
      "sessions": 10,
      "pss_mb": 599.2,
      "process_count": 20,
      "version": "codex-cli 0.144.5",
      "seconds_to_visible_med": 6.135418975503853,
      "seconds_to_input_ready_med": null,
      "notes": [
        "session 1: \u2819\u2839\u2838\u283c\u2834\u2826\u2827\u2807\u28190;freecode\u0007",
        "session 2: \u2819\u2839\u2838\u283c\u2834\u2826\u2827\u2807\u280f\u280b\u2819\u2839\u2838\u283c\u2834\u2826\u28190;freecode\u0007",
        "session 3: \u2819\u2839\u2838\u283c\u2834\u2826\u2827\u2807\u280f\u280b\u2819\u2839\u2838\u283c\u2834\u2826\u2827\u2807\u280f\u280b\u2819\u2839\u2838\u283c\u2834\u28190;freecode\u00070;\u2834 freecode\u00070;\u2826 freecode\u0007",
        "session 4: \u2819\u2839\u2838\u283c\u2834\u2826\u2827\u2807\u280f\u280b\u28190;freecode\u0007",
        "session 5: \u2819\u2839\u2838\u283c\u2834\u2826\u2827\u28190;freecode\u00070;\u2807 freecode\u00070;\u280f freecode\u0007",
        "session 6: \u2819\u2839\u2838\u283c\u2834\u2826\u2827\u2807\u280f\u280b\u2819\u28190;freecode\u0007",
        "session 7: \u2819\u2839\u2838\u283c\u2834\u2826\u2827\u28190;freecode\u00070;\u2834 freecode\u0007",
        "session 8: \u2819\u2839\u2838\u283c\u2834\u2826\u2827\u2807\u280f\u280b\u2819\u2839\u2838\u283c\u2834\u2826\u2827\u2807\u280f\u280b\u2819\u2839\u2838\u283c\u2834\u28190;freecode\u00070;\u2838 freecode\u0007",
        "session 9: \u2819\u2839\u2838\u283c\u2834\u2826\u2827\u2807\u280f\u280b\u2819\u2839\u2838\u283c\u2834\u2826\u2827\u2807\u28190;freecode\u0007",
        "session 10: \u2819\u2839\u2838\u283c\u2834\u2826\u2827\u2807\u280f\u280b\u2819\u2839\u2838\u283c\u2834\u2826\u2827\u2807\u280f\u280b\u2819\u2839\u28190;freecode\u00070;\u2839 freecode\u0007"
      ]
    },
    {
      "tool": "opencode",
      "sessions": 10,
      "pss_mb": 8128.7,
      "process_count": 50,
      "version": "1.18.2",
      "seconds_to_visible_med": 4.914090770998882,
      "seconds_to_input_ready_med": null,
      "notes": [
        "session 1: \u2819\u2839\u2838\u283c\u2834\u2826\u2827\u2807\u280f\u280b\u2819\u2839\u2838\u2819+q4d7399;i=opentui-notifications:p=?;1337;Capabilities66;w=1; 66;s=2; Gi=31337,s=1,v=1,a=q,t=d,f=24;AAAA4;1;?\u00074;2;?\u00074;3;?\u00074;4;?\u00074;5;?\u00074;6;?\u00074;7;?\u0007",
        "session 2: \u2819\u2839\u2838\u283c\u2834\u2826\u2827\u2807\u280f\u280b\u2819\u2839\u2838\u283c\u2834\u2819+q4d7399;i=opentui-notifications:p=?;1337;Capabilities66;w=1; 66;s=2; Gi=31337,s=1,v=1,a=q,t=d,f=24;AAAA4;1;?\u00074;2;?\u00074;3;?\u00074;4;?\u00074;5;?\u00074;6;?\u00074;7;",
        "session 3: \u2819\u2839\u2838\u283c\u2834\u2826\u2827\u2807\u280f\u280b\u2819\u2839\u2838\u283c\u2819+q4d7399;i=opentui-notifications:p=?;1337;Capabilities66;w=1; 66;s=2; Gi=31337,s=1,v=1,a=q,t=d,f=24;AAAA4;1;?\u00074;2;?\u00074;3;?\u00074;4;?\u00074;5;?\u00074;6;?\u00074;7;?",
        "session 4: \u2819\u2839\u2838\u283c\u2834\u2826\u2827\u2807\u280f\u280b\u2819\u2839\u2838\u283c\u2834\u2819+q4d7399;i=opentui-notifications:p=?;1337;Capabilities66;w=1; 66;s=2; Gi=31337,s=1,v=1,a=q,t=d,f=24;AAAA4;1;?\u00074;2;?\u00074;3;?\u00074;4;?\u00074;5;?\u00074;6;?\u00074;7;",
        "session 5: \u2819\u2839\u2838\u283c\u2834\u2826\u2827\u2807\u280f\u280b\u2819\u2839\u2838\u283c\u2834\u2826\u2819+q4d7399;i=opentui-notifications:p=?;1337;Capabilities66;w=1; 66;s=2; Gi=31337,s=1,v=1,a=q,t=d,f=24;AAAA4;1;?\u00074;2;?\u00074;3;?\u00074;4;?\u00074;5;?\u00074;6;?\u00074;7",
        "session 6: \u2819\u2839\u2838\u283c\u2834\u2826\u2827\u2807\u280f\u280b\u2819\u2839\u2838\u2819+q4d7399;i=opentui-notifications:p=?;1337;Capabilities66;w=1; 66;s=2; Gi=31337,s=1,v=1,a=q,t=d,f=24;AAAA4;1;?\u00074;2;?\u00074;3;?\u00074;4;?\u00074;5;?\u00074;6;?\u00074;7;?\u0007",
        "session 7: \u2819\u2839\u2838\u283c\u2834\u2826\u2827\u2807\u280f\u280b\u2819\u2819+q4d7399;i=opentui-notifications:p=?;1337;Capabilities66;w=1; 66;s=2; Gi=31337,s=1,v=1,a=q,t=d,f=24;AAAA4;1;?\u00074;2;?\u00074;3;?\u00074;4;?\u00074;5;?\u00074;6;?\u00074;7;?\u00074;",
        "session 8: \u2819\u2839\u2838\u283c\u2834\u2826\u2827\u2807\u280f\u280b\u2819\u2819+q4d7399;i=opentui-notifications:p=?;1337;Capabilities66;w=1; 66;s=2; Gi=31337,s=1,v=1,a=q,t=d,f=24;AAAA4;1;?\u00074;2;?\u00074;3;?\u00074;4;?\u00074;5;?\u00074;6;?\u00074;7;?\u00074;",
        "session 9: \u2819\u2839\u2838\u283c\u2834\u2826\u2827\u2807\u280f\u280b\u2819\u2819+q4d7399;i=opentui-notifications:p=?;1337;Capabilities66;w=1; 66;s=2; Gi=31337,s=1,v=1,a=q,t=d,f=24;AAAA4;1;?\u00074;2;?\u00074;3;?\u00074;4;?\u00074;5;?\u00074;6;?\u00074;7;?\u00074;",
        "session 10: \u2819\u2839\u2838\u283c\u2834\u2826\u2827\u2807\u280f\u280b\u2819\u2839\u2838\u283c\u2834\u2826\u2827\u2807\u280f\u280b\u2819\u2819+q4d7399;i=opentui-notifications:p=?;1337;Capabilities66;w=1; 66;s=2; Gi=31337,s=1,v=1,a=q,t=d,f=24;AAAA4;1;?\u00074;2;?\u00074;3;?\u00074;4;?\u00074;5;?\u00074;6;"
      ]
    },
    {
      "tool": "copilot_cli",
      "sessions": 10,
      "pss_mb": 1829.6,
      "process_count": 20,
      "version": "GitHub Copilot CLI 1.0.71.",
      "seconds_to_visible_med": 4.173690820003685,
      "seconds_to_input_ready_med": null,