{
  "cwd": "/home/ayan-de/Projects/freecode",
  "sessions": 10,
  "results": [
    {
      "tool": "freecode",
      "sessions": 10,
      "pss_mb": 257.9,
      "process_count": 10,
      "version": "0.2.0",
      "seconds_to_visible_med": 1.1006856254971353,
      "seconds_to_input_ready_med": 1.1006856254971353,
      "notes": [
        "session 1: \u2502 \u2502 >_ FreeCode (v0.2.0) \u25028;;\u0007",
        "session 2: \u2502 \u2502 >_ FreeCode (v0.2.0) \u25028;;\u0007",
        "session 3: \u2502 \u2502 >_ FreeCode (v0.2.0) \u25028;;\u0007",
        "session 4: \u2502 \u2502 >_ FreeCode (v0.2.0) \u25028;;\u0007",
        "session 5: \u2502 \u2502 >_ FreeCode (v0.2.0) \u25028;;\u0007",
        "session 6: \u2502 \u2502 >_ FreeCode (v0.2.0) \u25028;;\u0007",
        "session 7: \u2502 \u2502 >_ FreeCode (v0.2.0) \u25028;;\u0007",
        "session 8: \u2502 \u2502 >_ FreeCode (v0.2.0) \u25028;;\u0007",
        "session 9: \u2502 \u2502 >_ FreeCode (v0.2.0) \u25028;;\u0007",
        "session 10: \u2502 \u2502 >_ FreeCode (v0.2.0) \u25028;;\u0007"
      ]
    },
    {
      "tool": "pi",
      "sessions": 10,
      "pss_mb": 927.8,
      "process_count": 10,
      "version": "0.80.6",
      "seconds_to_visible_med": 4.293156768500921,
      "seconds_to_input_ready_med": 4.293156768500921,
      "notes": [
        "session 1: \u2819\u2839\u2838\u283c\u2834\u2826\u2827\u2807\u280f\u280b\u2819\u28190;\u03c0 - freecode\u00078;;\u0007",
        "session 2: \u2819\u2839\u2838\u283c\u2834\u2826\u2827\u2807\u280f\u280b\u28190;\u03c0 - freecode\u00078;;\u0007",
        "session 3: \u2819\u2839\u2838\u283c\u2834\u2826\u2827\u2807\u28190;\u03c0 - freecode\u00078;;\u0007",
        "session 4: \u2819\u2839\u2838\u283c\u2834\u2826\u2827\u2807\u280f\u280b\u2819\u2839\u2838\u283c\u2834\u2826\u28190;\u03c0 - freecode\u00078;;\u0007",
        "session 5: \u2819\u2839\u2838\u283c\u2834\u2826\u2827\u2807\u28190;\u03c0 - freecode\u00078;;\u0007",
        "session 6: \u2819\u2839\u2838\u283c\u2834\u2826\u2827\u28190;\u03c0 - freecode\u00078;;\u0007",
        "session 7: \u2819\u2839\u2838\u283c\u2834\u2826\u2827\u2807\u28190;\u03c0 - freecode\u00078;;\u0007",
        "session 8: \u2819\u2839\u2838\u283c\u2834\u2826\u2827\u2807\u28190;\u03c0 - freecode\u00078;;\u0007",
        "session 9: \u2819\u2839\u2838\u283c\u2834\u2826\u2827\u28190;\u03c0 - freecode\u00078;;\u0007",
        "session 10: \u2819\u2839\u2838\u283c\u2834\u2826\u2827\u2807\u28190;\u03c0 - freecode\u00078;;\u0007"
      ]
    },
    {
      "tool": "codex",
      "sessions": 10,
      "pss_mb": 561.0,
      "process_count": 20,
      "version": "codex-cli 0.144.1",
      "seconds_to_visible_med": 21.033014438478858,
      "seconds_to_input_ready_med": null,
      "notes": [
        "session 1: \u2819\u2839\u2838\u283c\u2834\u2826\u2827\u2807\u280f\u280b\u2819\u2839\u2838\u283c\u2834\u2826\u28190;freecode\u00070;\u2834 freecode\u0007",
        "session 2: \u2819\u2839\u2838\u283c\u2834\u2826\u2827\u28190;freecode\u00070;\u2834 freecode\u00070;\u2826 freecode\u0007",
        "session 3: \u2819\u2839\u2838\u283c\u2834\u2826\u2827\u2807\u280f\u28190;freecode\u00070;\u2827 freecode\u00070;freecode\u0007",
        "session 4: \u2819\u2839\u2838\u283c\u2834\u2826\u2827\u2807\u280f\u28190;freecode\u00070;\u280f freecode\u0007",
        "session 5: \u2819\u2839\u2838\u283c\u2834\u2826\u2827\u28190;freecode\u00070;\u2834 freecode\u0007",
        "session 6: \u2819\u2839\u2838\u283c\u2834\u2826\u2827\u28190;freecode\u0007",
        "session 7: \u2819\u2839\u2838\u283c\u2834\u2826\u2827\u2807\u280f\u280b\u2819\u28190;freecode\u00070;\u2826 freecode\u0007",
        "session 8: \u2819\u2839\u2838\u283c\u2834\u2826\u2827\u2807\u280f\u280b\u2819\u2839\u2838\u283c\u2834\u2826\u2827\u2807\u280f\u280b\u2819\u28190;freecode\u00070;\u2827 freecode\u0007",
        "session 9: \u2819\u2839\u2838\u283c\u2834\u2826\u2827\u2807\u28190;freecode\u00070;\u280f freecode\u0007",
        "session 10: \u2819\u2839\u2838\u283c\u2834\u2826\u2827\u2807\u280f\u28190;freecode\u00070;\u280f freecode\u0007"
      ]
    },
    {
      "tool": "opencode",
      "sessions": 10,
      "pss_mb": 7942.7,
      "process_count": 50,
      "version": "1.17.18",
      "seconds_to_visible_med": 21.03269889699004,
      "seconds_to_input_ready_med": null,
      "notes": [
        "session 1: \u2819\u2839\u2838\u283c\u2834\u2826\u2827\u2807\u2819+q4d7399;i=opentui-notifications:p=?;1337;Capabilities66;w=1; 66;s=2; Gi=31337,s=1,v=1,a=q,t=d,f=24;AAAA4;1;?\u00074;2;?\u00074;3;?\u00074;4;?\u00074;5;?\u00074;6;?\u00074;7;?\u00074;8;?",
        "session 2: \u2819\u2839\u2838\u283c\u2834\u2826\u2827\u2807\u280f\u2819+q4d7399;i=opentui-notifications:p=?;1337;Capabilities66;w=1; 66;s=2; Gi=31337,s=1,v=1,a=q,t=d,f=24;AAAA4;1;?\u00074;2;?\u00074;3;?\u00074;4;?\u00074;5;?\u00074;6;?\u00074;7;?\u00074;8;",
        "session 3: \u2819\u2839\u2838\u283c\u2834\u2826\u2827\u2807\u2819+q4d7399;i=opentui-notifications:p=?;1337;Capabilities66;w=1; 66;s=2; Gi=31337,s=1,v=1,a=q,t=d,f=24;AAAA4;1;?\u00074;2;?\u00074;3;?\u00074;4;?\u00074;5;?\u00074;6;?\u00074;7;?\u00074;8;?",
        "session 4: \u2819\u2839\u2838\u283c\u2834\u2826\u2827\u2807\u280f\u280b\u2819\u2839\u2838\u283c\u2834\u2826\u2827\u2807\u280f\u2819+q4d7399;i=opentui-notifications:p=?;1337;Capabilities66;w=1; 66;s=2; Gi=31337,s=1,v=1,a=q,t=d,f=24;AAAA4;1;?\u00074;2;?\u00074;3;?\u00074;4;?\u00074;5;?\u00074;6;?\u0007",
        "session 5: \u2819\u2839\u2838\u283c\u2834\u2826\u2827\u2807\u280f\u2819+q4d7399;i=opentui-notifications:p=?;1337;Capabilities66;w=1; 66;s=2; Gi=31337,s=1,v=1,a=q,t=d,f=24;AAAA4;1;?\u00074;2;?\u00074;3;?\u00074;4;?\u00074;5;?\u00074;6;?\u00074;7;?\u00074;8;",
        "session 6: \u2819\u2839\u2838\u283c\u2834\u2826\u2827\u2807\u280f\u280b\u2819\u2839\u2819+q4d7399;i=opentui-notifications:p=?;1337;Capabilities66;w=1; 66;s=2; Gi=31337,s=1,v=1,a=q,t=d,f=24;AAAA4;1;?\u00074;2;?\u00074;3;?\u00074;4;?\u00074;5;?\u00074;6;?\u00074;7;?\u00074",
        "session 7: \u2819\u2839\u2838\u283c\u2834\u2826\u2827\u2807\u280f\u2819+q4d7399;i=opentui-notifications:p=?;1337;Capabilities66;w=1; 66;s=2; Gi=31337,s=1,v=1,a=q,t=d,f=24;AAAA4;1;?\u00074;2;?\u00074;3;?\u00074;4;?\u00074;5;?\u00074;6;?\u00074;7;?\u00074;8;",
        "session 8: \u2819\u2839\u2838\u283c\u2834\u2826\u2827\u2807\u280f\u2819+q4d7399;i=opentui-notifications:p=?;1337;Capabilities66;w=1; 66;s=2; Gi=31337,s=1,v=1,a=q,t=d,f=24;AAAA4;1;?\u00074;2;?\u00074;3;?\u00074;4;?\u00074;5;?\u00074;6;?\u00074;7;?\u00074;8;",
        "session 9: \u2819\u2839\u2838\u283c\u2834\u2826\u2827\u2807\u280f\u2819+q4d7399;i=opentui-notifications:p=?;1337;Capabilities66;w=1; 66;s=2; Gi=31337,s=1,v=1,a=q,t=d,f=24;AAAA4;1;?\u00074;2;?\u00074;3;?\u00074;4;?\u00074;5;?\u00074;6;?\u00074;7;?\u00074;8;",
        "session 10: \u2819\u2839\u2838\u283c\u2834\u2826\u2827\u2807\u280f\u2819+q4d7399;i=opentui-notifications:p=?;1337;Capabilities66;w=1; 66;s=2; Gi=31337,s=1,v=1,a=q,t=d,f=24;AAAA4;1;?\u00074;2;?\u00074;3;?\u00074;4;?\u00074;5;?\u00074;6;?\u00074;7;?\u00074;8;"
      ]
    },
    {
      "tool": "copilot_cli",
      "sessions": 10,
      "pss_mb": 1793.9,
      "process_count": 20,
      "version": "GitHub Copilot CLI 1.0.70.",
      "seconds_to_visible_med": 21.036871226489893,
      "seconds_to_input_ready_med": null,